Workbook

Sheet LEIA-ME
A2: Painel da Turma · Ludus
A3: O arquivo do professor. Nunca compartilhado.
A5: v2.0 · September 2026 · gerado de core/core.json por planilhas/src/build_painel.py
A7: O que é este arquivo
A8: O painel do professor. Ele NUNCA é compartilhado com aluno nenhum, e não precisa ser: dele sai um bloco público (a aba QUADRO) que alimenta o Quadro da Turma, e é o Quadro que as fichas leem.
A10: A corrente
A11: PAINEL → QUADRO (aba deste arquivo) → Quadro da Turma (arquivo separado, somente leitura) → ficha de cada aluno
A13: Nenhum arquivo que um aluno consiga editar aponta para este. É essa a trava: o IMPORTRANGE é autorizado por arquivo inteiro, então bastaria um aluno trocar o intervalo para ler tudo.
A15: Montagem, uma vez só
A16: 1. Suba este arquivo no Drive, na pasta do GM, e abra-o.
A17: 2. Arquivo → Salvar como Planilhas Google. Sem isso não existe IMPORTRANGE.
A18: 3. Troque Aluno 1–4 pelos nomes reais, na coluna A da aba PAINEL.
... A30: O catálogo traz a gramática por unidade, não por lição. A REFERENCIA corta no primeiro ponto e vírgula. A coluna CONFERIDO? marca o que ainda não foi checado no livro. Corrigir é editar uma célula da REFERENCIA — o PAINEL passa a ler o valor certo sozinho.

Sheet PAINEL
A1: PAINEL DA TURMA · Ludus
A2: Amarelo você digita. Azul se calcula. Vermelho é privado e nunca sai deste arquivo.
A3: ALUNO | B3: EVOLVE | C3: UNIDADE | D3: LIÇÃO | E3: GROWTH | F3: LIÇÃO DE CASA? | G3: USOU O FOCUS? | H3: APRESENTOU? | I3: TENT. | J3: NOTA % | K3: TÍTULO DA UNIDADE | L3: LIÇÃO 1 (tópico) | M3: LIÇÃO 2 (tópico) | N3: LANGUAGE FOCUS DE HOJE | O3: AÇÕES | P3: APRESENTA? | Q3: PRÓX. LIÇÃO | R3: LEMBRETE — PRÓXIMA AULA | S3: LP | T3: ALERTA — PRIVADO | U3: motor
A4: Aluno 1 | B4: 1 | C4: 1 | D4: A | E4: 1 | F4: não | G4: não | H4: não | I4: 0 | K4: =IF($U4=0,"⚠ unidade não encontrada",INDEX(REFERENCIA!$E$2:$E$73,$U4)) | L4: =IF($U4=0,"—",INDEX(REFERENCIA!$F$2:$F$73,$U4)) | M4: =IF($U4=0,"—",INDEX(REFERENCIA!$G$2:$G$73,$U4)) | N4: =IF($D4="X",$L4&" + "&$M4,IF(OR($D4="A",$D4="B"),$L4,$M4)) | O4: =IF($U4=0,"—",IF(INDEX(REFERENCIA!$I$2:$I$73,$U4)="—",INDEX(REFERENCIA!$H$2:$H$73,$U4),INDEX(REFERENCIA!$H$2:$H$73,$U4)&" / "&INDEX(REFERENCIA!$I$2:$I$73,$U4))) | P4: =IF(OR($D4="B",$D4="D"),"SIM — 1 min","não") | Q4: =IF($D4="A","B",IF($D4="B","C",IF($D4="C","D",IF(OR($D4="D",$D4="X"),"A (unidade seguinte)","—")))) | R4: =IF($D4="A","Próxima aula do ciclo: B — você apresenta ~1 min sobre: "&$L4,IF($D4="B","Próxima aula do ciclo: C — tópico novo: "&$M4,IF($D4="C","Próxima aula do ciclo: D — você apresenta ~1 min sobre: "&$M4,IF($D4="D","Próxima aula: unidade nova, lição A. O teste desta unidade é liberado hoje.",IF($D4="X","Aula extra: revisão dos dois tópicos desta unidade.","—"))))) | S4: =IF($F4="sim",1,0)+IF($G4="sim",1,0)+IF($H4="sim",1,0) | T4: =IF($J4="","—",IF($J4>=75,"ok — avança e volta ao A",IF($I4>=2,"⚠ esgotou as 2 tentativas — você libera","abaixo de 75 — cabe 2ª tentativa"))) | U4: =IFERROR(MATCH("E"&$B4&"-U"&$C4,REFERENCIA!$A$2:$A$73,0),0)
A5: Aluno 2 | B5: 1 | C5: 1 | D5: A | E5: 1 | F5: não | G5: não | H5: não | I5: 0 | K5: =IF($U5=0,"⚠ unidade não encontrada",INDEX(REFERENCIA!$E$2:$E$73,$U5)) | L5: =IF($U5=0,"—",INDEX(REFERENCIA!$F$2:$F$73,$U5)) | M5: =IF($U5=0,"—",INDEX(REFERENCIA!$G$2:$G$73,$U5)) | N5: =IF($D5="X",$L5&" + "&$M5,IF(OR($D5="A",$D5="B"),$L5,$M5)) | O5: =IF($U5=0,"—",IF(INDEX(REFERENCIA!$I$2:$I$73,$U5)="—",INDEX(REFERENCIA!$H$2:$H$73,$U5),INDEX(REFERENCIA!$H$2:$H$73,$U5)&" / "&INDEX(REFERENCIA!$I$2:$I$73,$U5))) | P5: =IF(OR($D5="B",$D5="D"),"SIM — 1 min","não") | Q5: =IF($D5="A","B",IF($D5="B","C",IF($D5="C","D",IF(OR($D5="D",$D5="X"),"A (unidade seguinte)","—")))) | R5: =IF($D5="A","Próxima aula do ciclo: B — você apresenta ~1 min sobre: "&$L5,IF($D5="B","Próxima aula do ciclo: C — tópico novo: "&$M5,IF($D5="C","Próxima aula do ciclo: D — você apresenta ~1 min sobre: "&$M5,IF($D5="D","Próxima aula: unidade nova, lição A. O teste desta unidade é liberado hoje.",IF($D5="X","Aula extra: revisão dos dois tópicos desta unidade.","—"))))) | S5: =IF($F5="sim",1,0)+IF($G5="sim",1,0)+IF($H5="sim",1,0) | T5: =IF($J5="","—",IF($J5>=75,"ok — avança e volta ao A",IF($I5>=2,"⚠ esgotou as 2 tentativas — você libera","abaixo de 75 — cabe 2ª tentativa"))) | U5: =IFERROR(MATCH("E"&$B5&"-U"&$C5,REFERENCIA!$A$2:$A$73,0),0)
A6: Aluno 3 | B6: 1 | C6: 1 | D6: A | E6: 1 | F6: não | G6: não | H6: não | I6: 0 | K6: =IF($U6=0,"⚠ unidade não encontrada",INDEX(REFERENCIA!$E$2:$E$73,$U6)) | L6: =IF($U6=0,"—",INDEX(REFERENCIA!$F$2:$F$73,$U6)) | M6: =IF($U6=0,"—",INDEX(REFERENCIA!$G$2:$G$73,$U6)) | N6: =IF($D6="X",$L6&" + "&$M6,IF(OR($D6="A",$D6="B"),$L6,$M6)) | O6: =IF($U6=0,"—",IF(INDEX(REFERENCIA!$I$2:$I$73,$U6)="—",INDEX(REFERENCIA!$H$2:$H$73,$U6),INDEX(REFERENCIA!$H$2:$H$73,$U6)&" / "&INDEX(REFERENCIA!$I$2:$I$73,$U6))) | P6: =IF(OR($D6="B",$D6="D"),"SIM — 1 min","não") | Q6: =IF($D6="A","B",IF($D6="B","C",IF($D6="C","D",IF(OR($D6="D",$D6="X"),"A (unidade seguinte)","—")))) | R6: =IF($D6="A","Próxima aula do ciclo: B — você apresenta ~1 min sobre: "&$L6,IF($D6="B","Próxima aula do ciclo: C — tópico novo: "&$M6,IF($D6="C","Próxima aula do ciclo: D — você apresenta ~1 min sobre: "&$M6,IF($D6="D","Próxima aula: unidade nova, lição A. O teste desta unidade é liberado hoje.",IF($D6="X","Aula extra: revisão dos dois tópicos desta unidade.","—"))))) | S6: =IF($F6="sim",1,0)+IF($G6="sim",1,0)+IF($H6="sim",1,0) | T6: =IF($J6="","—",IF($J6>=75,"ok — avança e volta ao A",IF($I6>=2,"⚠ esgotou as 2 tentativas — você libera","abaixo de 75 — cabe 2ª tentativa"))) | U6: =IFERROR(MATCH("E"&$B6&"-U"&$C6,REFERENCIA!$A$2:$A$73,0),0)
A7: Aluno 4 | B7: 1 | C7: 1 | D7: A | E7: 1 | F7: não | G7: não | H7: não | I7: 0 | K7: =IF($U7=0,"⚠ unidade não encontrada",INDEX(REFERENCIA!$E$2:$E$73,$U7)) | L7: =IF($U7=0,"—",INDEX(REFERENCIA!$F$2:$F$73,$U7)) | M7: =IF($U7=0,"—",INDEX(REFERENCIA!$G$2:$G$73,$U7)) | N7: =IF($D7="X",$L7&" + "&$M7,IF(OR($D7="A",$D7="B"),$L7,$M7)) | O7: =IF($U7=0,"—",IF(INDEX(REFERENCIA!$I$2:$I$73,$U7)="—",INDEX(REFERENCIA!$H$2:$H$73,$U7),INDEX(REFERENCIA!$H$2:$H$73,$U7)&" / "&INDEX(REFERENCIA!$I$2:$I$73,$U7))) | P7: =IF(OR($D7="B",$D7="D"),"SIM — 1 min","não") | Q7: =IF($D7="A","B",IF($D7="B","C",IF($D7="C","D",IF(OR($D7="D",$D7="X"),"A (unidade seguinte)","—")))) | R7: =IF($D7="A","Próxima aula do ciclo: B — você apresenta ~1 min sobre: "&$L7,IF($D7="B","Próxima aula do ciclo: C — tópico novo: "&$M7,IF($D7="C","Próxima aula do ciclo: D — você apresenta ~1 min sobre: "&$M7,IF($D7="D","Próxima aula: unidade nova, lição A. O teste desta unidade é liberado hoje.",IF($D7="X","Aula extra: revisão dos dois tópicos desta unidade.","—"))))) | S7: =IF($F7="sim",1,0)+IF($G7="sim",1,0)+IF($H7="sim",1,0) | T7: =IF($J7="","—",IF($J7>=75,"ok — avança e volta ao A",IF($I7>=2,"⚠ esgotou as 2 tentativas — você libera","abaixo de 75 — cabe 2ª tentativa"))) | U7: =IFERROR(MATCH("E"&$B7&"-U"&$C7,REFERENCIA!$A$2:$A$73,0),0)
A9: COMO USAR — dez minutos antes da sessão
A10: Digite três coisas por aluno: EVOLVE, UNIDADE e LIÇÃO do ciclo (A, B, C, D ou X). Tudo de K a S se calcula.
A11: Depois da sessão, no debrief: marque sim/não em LIÇÃO DE CASA, USOU O FOCUS e APRESENTOU. A coluna LP é o que o aluno terá para gastar NA PRÓXIMA sessão.
A12: O LP é pago pela TENTATIVA, nunca pelo acerto. The point is paid for the attempt, never for the result. If you reached for the structure you are working on and it came out crooked, you earned it. Getting it right is better. It is not what is being paid for.
A13: Uma vez por semana, lance TENTATIVAS e NOTA lendo o relatório do Cambridge One.
A15: GRUPOS DE UM ENCONTRO POR SEMANA cobrem DUAS lições do ciclo por encontro: avance a coluna LIÇÃO duas vezes.
A16: GRUPOS DE DOIS ENCONTROS cobrem UMA lição por encontro: avance uma vez. O ciclo conta lições, não dias.
A18: NADA das colunas I, J e T sai deste arquivo. O Quadro da Turma só enxerga a aba QUADRO.

Sheet QUADRO
A1: ALUNO | B1: GROWTH | C1: ONDE VOCÊ ESTÁ | D1: LIÇÃO | E1: LANGUAGE FOCUS DE HOJE | F1: APRESENTA HOJE? | G1: AÇÕES | H1: LANG. POINTS | I1: LEMBRETE — PRÓXIMA AULA
A2: =PAINEL!A4 | B2: =PAINEL!E4 | C2: ="Evolve "&PAINEL!B4&" · Unit "&PAINEL!C4&" — "&PAINEL!K4 | D2: =PAINEL!D4 | E2: =PAINEL!N4 | F2: =PAINEL!P4 | G2: =PAINEL!O4 | H2: =PAINEL!S4 | I2: =PAINEL!R4
A3: =PAINEL!A5 | B3: =PAINEL!E5 | C3: ="Evolve "&PAINEL!B5&" · Unit "&PAINEL!C5&" — "&PAINEL!K5 | D3: =PAINEL!D5 | E3: =PAINEL!N5 | F3: =PAINEL!P5 | G3: =PAINEL!O5 | H3: =PAINEL!S5 | I3: =PAINEL!R5
A4: =PAINEL!A6 | B4: =PAINEL!E6 | C4: ="Evolve "&PAINEL!B6&" · Unit "&PAINEL!C6&" — "&PAINEL!K6 | D4: =PAINEL!D6 | E4: =PAINEL!N6 | F4: =PAINEL!P6 | G4: =PAINEL!O6 | H4: =PAINEL!S6 | I4: =PAINEL!R6
A5: =PAINEL!A7 | B5: =PAINEL!E7 | C5: ="Evolve "&PAINEL!B7&" · Unit "&PAINEL!C7&" — "&PAINEL!K7 | D5: =PAINEL!D7 | E5: =PAINEL!N7 | F5: =PAINEL!P7 | G5: =PAINEL!O7 | H5: =PAINEL!S7 | I5: =PAINEL!R7
A8: ESTA É A ÚNICA ABA QUE SAI DESTE ARQUIVO
A9: O Quadro da Turma lê exatamente QUADRO!A1:I5 por IMPORTRANGE. Nada fora deste retângulo é alcançável a partir de uma ficha de aluno.
A10: Não tem nota. Não tem tentativa. Não tem alerta. Por construção, não por disciplina.
A11: Não digite nada aqui: as nove colunas são espelho do PAINEL.

Sheet REFERENCIA
A1: CHAVE | B1: NÍVEL | C1: EVOLVE | D1: UN. | E1: TÍTULO | F1: LIÇÃO 1 (tópico) | G1: LIÇÃO 2 (tópico) | H1: AÇÃO 1 | I1: AÇÃO 2 | J1: CONFERIDO?
A2: E1-U1 | B2: A1 | C2: 1 | D2: 1 | E2: I am… | F2: I am, you are | G2: What's…?; It's… | H2: Identify | I2: — | J2: inferida
A3: E1-U2 | B3: A1 | C3: 1 | D3: 2 | E3: Great people | F3: is/are (afirm. e pergunta) | G3: is not/are not | H3: Identify | I3: Describe | J3: inferida
A4: E1-U3 | B4: A1 | C4: 1 | D4: 3 | E4: Come in | F4: Possessive adjectives | G4: possessive 's e s'; It is | H4: Describe | I4: Identify | J4: inferida
A5: E1-U4 | B5: A1 | C5: 1 | D5: 4 | E5: I love it! | F5: Simple present (I/you/we) | G5: pergunta sim/não | H5: Describe | I5: Argue | J5: inferida
A6: E1-U5 | B6: A1 | C6: 1 | D6: 5 | E6: Mondays and fundays | F6: Simple present (he/she/they) | G6: questions | H6: Describe | I6: — | J6: inferida
A7: E1-U6 | B7: A1 | C7: 1 | D7: 6 | E7: Zoom in, zoom out | F7: There's/There are | G7: a lot of, some, no; count/non-count | H7: Quantify | I7: Describe | J7: inferida
A8: E1-U7 | B8: A1 | C8: 1 | D8: 7 | E8: Now is good | F8: Present continuous (afirm. e pergunta) | G8: ⚠ conferir no livro — o catálogo traz um tópico só | H8: Describe | I8: — | J8: ⚠ CONFERIR
A9: E1-U8 | B9: A1 | C9: 1 | D9: 8 | E9: You're good! | F9: can/can't (habilidade e possibilidade) | G9: well | H9: Ability & Progress | I9: Describe | J9: inferida
A10: E1-U9 | B10: A1 | C10: 1 | D10: 9 | E10: Places to go | F10: this/these | G10: like to, want to, need to, have to | H10: Plan | I10: Regulate | J10: inferida
A11: E1-U10 | B11: A1 | C11: 1 | D11: 10 | E11: Get ready | F11: be going to (afirm. e pergunta) | G11: ⚠ conferir no livro — o catálogo traz um tópico só | H11: Plan | I11: — | J11: ⚠ CONFERIR
A12: E1-U11 | B12: A1 | C12: 1 | D12: 11 | E12: Colorful memories | F12: was/were (afirm. e pergunta) | G12: ⚠ conferir no livro — o catálogo traz um tópico só | H12: Narrate | I12: Describe | J12: ⚠ CONFERIR
A13: E1-U12 | B13: A1 | C13: 1 | D13: 12 | E13: Stop, eat, go | F13: Simple past (afirm. e pergunta) | G13: any | H13: Narrate | I13: Quantify | J13: inferida
... A73: E6-U12 | B73: C1 | C73: 6 | D73: 12 | E73: Things Change | F73: Present subjunctive | G73: perfect infinitive | H73: Regulate | I73: Plan | J73: inferida
