Workbook

Sheet LEIA-ME
B2: Painel da Turma — Ludify RPL
B3: O arquivo do professor · v2.0 · 11/09/2026
B5: ⚠ ESTE ARQUIVO NUNCA É COMPARTILHADO COM ALUNO
B6: Nem por um minuto, nem "só para ele ver a nota dele". Esconder aba no Planilhas Google não é segurança: quem edita desesconde, e quem só lê extrai pelo código-fonte. Proteger controla quem edita, nunca quem lê. Por isso a ficha do aluno e este painel são arquivos separados — e é por isso que este mora na pasta Ludify RPL — GM, fora da turma.
B8: A DIVISÃO DE TERRITÓRIO
B9: Cambridge One é território do aluno: a trilha de exercícios, o Unit Progress Test, as notas. O Painel é território do professor: em que etapa do ciclo cada aluno está. Essa informação só existe porque você conduziu as sessões, e não está em lugar nenhum além daqui. Nada é digitado duas vezes.
B11: AS ABAS
B12: PAINEL — a única que você abre antes de jogar. Quatro linhas, e a preparação da sessão está feita.
B13: Aluno 1 a Aluno 4 — o histórico, uma linha por sessão. Renomeie com o nome real de cada um.
B14: MODELO — aba em branco, para quando entrar um quinto aluno. Copie e renomeie.
B15: REFERENCIA — as 72 unidades do Evolve. Consulta; as fórmulas do PAINEL leem daqui.
B17: AS DUAS CORES
... B28: Pasta Ludify RPL — GM no seu Drive, e no GitHub em planilhas/. A fonte é build_painel.py: para regerar o arquivo do zero, rode o script. O que é gerado na conversa não fica salvo em lugar nenhum permanente.

Sheet PAINEL
B2: Painel da Turma — Ludify RPL
B3: Abra isto 10 minutos antes da sessão e leia as quatro linhas. Amarelo você preenche · azul se calcula sozinho · nada aqui é do aluno.
B5: ALUNO | C5: EV. | D5: UN. | E5: ETAPA | F5: TÍTULO DA UNIDADE | G5: O TÓPICO A PREPARAR HOJE | H5: APRESENTA? | I5: AÇÕES DA LÍNGUA | J5: TENT. | K5: NOTA % | L5: STATUS DO TESTE | M5: EXTRAS SEG. | N5: ALERTA | O5: GROWTH
B6: Aluno 1 | C6: 1 | D6: 1 | E6: A | F6: =IFERROR(INDEX(REFERENCIA!$B$6:$K$77,MATCH($C6&"|"&$D6,REFERENCIA!$B$6:$B$77,0),5)&"","") | G6: =IFERROR(IF($E6="X",INDEX(REFERENCIA!$B$6:$K$77,MATCH($C6&"|"&$D6,REFERENCIA!$B$6:$B$77,0),6)&" + "&INDEX(REFERENCIA!$B$6:$K$77,MATCH($C6&"|"&$D6,REFERENCIA!$B$6:$B$77,0),7),IF(OR($E6="A",$E6="B"),INDEX(REFERENCIA!$B$6:$K$77,MATCH($C6&"|"&$D6,REFERENCIA!$B$6:$B$77,0),6),INDEX(REFERENCIA!$B$6:$K$77,MATCH($C6&"|"&$D6,REFERENCIA!$B$6:$B$77,0),7)))&"","") | H6: =IF(OR($E6="B",$E6="D"),"SIM — 1 min","—") | I6: =IFERROR(INDEX(REFERENCIA!$B$6:$K$77,MATCH($C6&"|"&$D6,REFERENCIA!$B$6:$B$77,0),8)&" · "&INDEX(REFERENCIA!$B$6:$K$77,MATCH($C6&"|"&$D6,REFERENCIA!$B$6:$B$77,0),9),"") | J6: 0 | L6: =IF($K6="","—",IF($K6>=75,"Passou · avança e volta ao A",IF($J6>=2,"Esgotou as 2 · você decide","Pode tentar de novo"))) | M6: 0 | N6: =IF($M6>=2,"⚠ Conversa individual de 15 min","") | O6: 1
B7: Aluno 2 | C7: 1 | D7: 1 | E7: A | F7: =IFERROR(INDEX(REFERENCIA!$B$6:$K$77,MATCH($C7&"|"&$D7,REFERENCIA!$B$6:$B$77,0),5)&"","") | G7: =IFERROR(IF($E7="X",INDEX(REFERENCIA!$B$6:$K$77,MATCH($C7&"|"&$D7,REFERENCIA!$B$6:$B$77,0),6)&" + "&INDEX(REFERENCIA!$B$6:$K$77,MATCH($C7&"|"&$D7,REFERENCIA!$B$6:$B$77,0),7),IF(OR($E7="A",$E7="B"),INDEX(REFERENCIA!$B$6:$K$77,MATCH($C7&"|"&$D7,REFERENCIA!$B$6:$B$77,0),6),INDEX(REFERENCIA!$B$6:$K$77,MATCH($C7&"|"&$D7,REFERENCIA!$B$6:$B$77,0),7)))&"","") | H7: =IF(OR($E7="B",$E7="D"),"SIM — 1 min","—") | I7: =IFERROR(INDEX(REFERENCIA!$B$6:$K$77,MATCH($C7&"|"&$D7,REFERENCIA!$B$6:$B$77,0),8)&" · "&INDEX(REFERENCIA!$B$6:$K$77,MATCH($C7&"|"&$D7,REFERENCIA!$B$6:$B$77,0),9),"") | J7: 0 | L7: =IF($K7="","—",IF($K7>=75,"Passou · avança e volta ao A",IF($J7>=2,"Esgotou as 2 · você decide","Pode tentar de novo"))) | M7: 0 | N7: =IF($M7>=2,"⚠ Conversa individual de 15 min","") | O7: 1
B8: Aluno 3 | C8: 1 | D8: 1 | E8: A | F8: =IFERROR(INDEX(REFERENCIA!$B$6:$K$77,MATCH($C8&"|"&$D8,REFERENCIA!$B$6:$B$77,0),5)&"","") | G8: =IFERROR(IF($E8="X",INDEX(REFERENCIA!$B$6:$K$77,MATCH($C8&"|"&$D8,REFERENCIA!$B$6:$B$77,0),6)&" + "&INDEX(REFERENCIA!$B$6:$K$77,MATCH($C8&"|"&$D8,REFERENCIA!$B$6:$B$77,0),7),IF(OR($E8="A",$E8="B"),INDEX(REFERENCIA!$B$6:$K$77,MATCH($C8&"|"&$D8,REFERENCIA!$B$6:$B$77,0),6),INDEX(REFERENCIA!$B$6:$K$77,MATCH($C8&"|"&$D8,REFERENCIA!$B$6:$B$77,0),7)))&"","") | H8: =IF(OR($E8="B",$E8="D"),"SIM — 1 min","—") | I8: =IFERROR(INDEX(REFERENCIA!$B$6:$K$77,MATCH($C8&"|"&$D8,REFERENCIA!$B$6:$B$77,0),8)&" · "&INDEX(REFERENCIA!$B$6:$K$77,MATCH($C8&"|"&$D8,REFERENCIA!$B$6:$B$77,0),9),"") | J8: 0 | L8: =IF($K8="","—",IF($K8>=75,"Passou · avança e volta ao A",IF($J8>=2,"Esgotou as 2 · você decide","Pode tentar de novo"))) | M8: 0 | N8: =IF($M8>=2,"⚠ Conversa individual de 15 min","") | O8: 1
B9: Aluno 4 | C9: 1 | D9: 1 | E9: A | F9: =IFERROR(INDEX(REFERENCIA!$B$6:$K$77,MATCH($C9&"|"&$D9,REFERENCIA!$B$6:$B$77,0),5)&"","") | G9: =IFERROR(IF($E9="X",INDEX(REFERENCIA!$B$6:$K$77,MATCH($C9&"|"&$D9,REFERENCIA!$B$6:$B$77,0),6)&" + "&INDEX(REFERENCIA!$B$6:$K$77,MATCH($C9&"|"&$D9,REFERENCIA!$B$6:$B$77,0),7),IF(OR($E9="A",$E9="B"),INDEX(REFERENCIA!$B$6:$K$77,MATCH($C9&"|"&$D9,REFERENCIA!$B$6:$B$77,0),6),INDEX(REFERENCIA!$B$6:$K$77,MATCH($C9&"|"&$D9,REFERENCIA!$B$6:$B$77,0),7)))&"","") | H9: =IF(OR($E9="B",$E9="D"),"SIM — 1 min","—") | I9: =IFERROR(INDEX(REFERENCIA!$B$6:$K$77,MATCH($C9&"|"&$D9,REFERENCIA!$B$6:$B$77,0),8)&" · "&INDEX(REFERENCIA!$B$6:$K$77,MATCH($C9&"|"&$D9,REFERENCIA!$B$6:$B$77,0),9),"") | J9: 0 | L9: =IF($K9="","—",IF($K9>=75,"Passou · avança e volta ao A",IF($J9>=2,"Esgotou as 2 · você decide","Pode tentar de novo"))) | M9: 0 | N9: =IF($M9>=2,"⚠ Conversa individual de 15 min","") | O9: 1
B12: A ROTINA DA SEMANA
B13: • 10 min antes da sessão — abra este painel e leia as quatro linhas. É a preparação inteira.
B14: • Logo depois da sessão — marque a etapa de cada um (A→B→C→D). Quem fechou D, libere o Unit Progress Test no Cambridge One.
B15: • 1×/semana — lance tentativas e notas lendo o relatório do Cambridge One. Decida os casos de quem esgotou as duas tentativas.
B16: • O aluno não preenche nada aqui. Marcar A/B/C/D é registro de sessão que você conduziu — 30 segundos para quatro alunos, e mais confiável que memória de aluno.
B18: O CICLO DE UMA UNIDADE
B19: • A — estreia o tópico da lição 1. O aluno usa em cena pela primeira vez.
B20: • B — mesmo tópico, e o aluno abre a sessão com a apresentação de ~1 min.
B21: • C — estreia o tópico da lição 2.
B22: • D — mesmo tópico, com apresentação. No fim desta sessão você libera o teste.
B23: • X — aula extra. Só quem não chegou a 75%. Revisa os dois tópicos.

Sheet Aluno 1
B2: Aluno 1
B3: Uma linha por sessão. É daqui que sai a conversa de semestre e a resposta quando alguém perguntar se isto é aula.
B5: DATA | C5: EV. | D5: UN. | E5: ETAPA | F5: APRESENTOU? | G5: USOU O TÓPICO EM CENA? | H5: NOTA DO TESTE | I5: OBSERVAÇÃO DA SESSÃO

Sheet Aluno 2
B2: Aluno 2
B3: Uma linha por sessão. É daqui que sai a conversa de semestre e a resposta quando alguém perguntar se isto é aula.
B5: DATA | C5: EV. | D5: UN. | E5: ETAPA | F5: APRESENTOU? | G5: USOU O TÓPICO EM CENA? | H5: NOTA DO TESTE | I5: OBSERVAÇÃO DA SESSÃO

Sheet Aluno 3
B2: Aluno 3
B3: Uma linha por sessão. É daqui que sai a conversa de semestre e a resposta quando alguém perguntar se isto é aula.
B5: DATA | C5: EV. | D5: UN. | E5: ETAPA | F5: APRESENTOU? | G5: USOU O TÓPICO EM CENA? | H5: NOTA DO TESTE | I5: OBSERVAÇÃO DA SESSÃO

Sheet Aluno 4
B2: Aluno 4
B3: Uma linha por sessão. É daqui que sai a conversa de semestre e a resposta quando alguém perguntar se isto é aula.
B5: DATA | C5: EV. | D5: UN. | E5: ETAPA | F5: APRESENTOU? | G5: USOU O TÓPICO EM CENA? | H5: NOTA DO TESTE | I5: OBSERVAÇÃO DA SESSÃO

Sheet MODELO
B2: MODELO — copie esta aba para um aluno novo
B3: Uma linha por sessão. É daqui que sai a conversa de semestre e a resposta quando alguém perguntar se isto é aula.
B5: DATA | C5: EV. | D5: UN. | E5: ETAPA | F5: APRESENTOU? | G5: USOU O TÓPICO EM CENA? | H5: NOTA DO TESTE | I5: OBSERVAÇÃO DA SESSÃO

Sheet REFERENCIA
B2: REFERENCIA — as 72 unidades do Evolve
B3: Gerada a partir de Catalogo-Etiquetas-Evolve.xlsx. A divisão entre lição 1 e lição 2 é INFERIDA — confira contra o livro na primeira vez que usar cada unidade e corrija a célula.
B5: CHAVE | C5: NÍVEL | D5: EVOLVE | E5: UN. | F5: TÍTULO | G5: TÓPICO — LIÇÃO 1 | H5: TÓPICO — LIÇÃO 2 | I5: AÇÃO 1 | J5: AÇÃO 2 | K5: CONFERIDO?
B6: 1|1 | C6: A1 | D6: 1 | E6: 1 | F6: I am… | G6: I am, you are | H6: What's…?; It's… | I6: Identify | J6: — | K6: inferida
B7: 1|2 | C7: A1 | D7: 1 | E7: 2 | F7: Great people | G7: is/are (afirm. e pergunta) | H7: is not/are not | I7: Identify | J7: Describe | K7: inferida
B8: 1|3 | C8: A1 | D8: 1 | E8: 3 | F8: Come in | G8: Possessive adjectives | H8: possessive 's e s'; It is | I8: Describe | J8: Identify | K8: inferida
B9: 1|4 | C9: A1 | D9: 1 | E9: 4 | F9: I love it! | G9: Simple present (I/you/we) | H9: pergunta sim/não | I9: Describe | J9: Argue | K9: inferida
B10: 1|5 | C10: A1 | D10: 1 | E10: 5 | F10: Mondays and fundays | G10: Simple present (he/she/they) | H10: questions | I10: Describe | J10: — | K10: inferida
B11: 1|6 | C11: A1 | D11: 1 | E11: 6 | F11: Zoom in, zoom out | G11: There's/There are | H11: a lot of, some, no; count/non-count | I11: Quantify | J11: Describe | K11: inferida
B12: 1|7 | C12: A1 | D12: 1 | E12: 7 | F12: Now is good | G12: Present continuous (afirm. e pergunta) | H12: ⚠ conferir no livro — o catálogo traz um tópico só | I12: Describe | J12: — | K12: inferida
B13: 1|8 | C13: A1 | D13: 1 | E13: 8 | F13: You're good! | G13: can/can't (habilidade e possibilidade) | H13: well | I13: Ability & Progress | J13: Describe | K13: conferida
B14: 1|9 | C14: A1 | D14: 1 | E14: 9 | F14: Places to go | G14: this/these | H14: like to, want to, need to, have to | I14: Plan | J14: Regulate | K14: inferida
B15: 1|10 | C15: A1 | D15: 1 | E15: 10 | F15: Get ready | G15: be going to (afirm. e pergunta) | H15: ⚠ conferir no livro — o catálogo traz um tópico só | I15: Plan | J15: — | K15: inferida
B16: 1|11 | C16: A1 | D16: 1 | E16: 11 | F16: Colorful memories | G16: was/were (afirm. e pergunta) | H16: ⚠ conferir no livro — o catálogo traz um tópico só | I16: Narrate | J16: Describe | K16: inferida
B17: 1|12 | C17: A1 | D17: 1 | E17: 12 | F17: Stop, eat, go | G17: Simple past (afirm. e pergunta) | H17: any | I17: Narrate | J17: Quantify | K17: inferida
... B77: 6|12 | C77: C1 | D77: 6 | E77: 12 | F77: Things Change | G77: Present subjunctive | H77: perfect infinitive | I77: Regulate | J77: Plan | K77: inferida
